a1dd0b81-89bb-42c2-8c22-5c8d2e6c4bb1,/home/mp/Desktop/manish/csye6225/git/csye6225-fall2017/jmeter/auth.txt
667fd0b6-8162-4925-922d-65b436b877b7,/home/mp/Desktop/manish/csye6225/git/csye6225-fall2017/jmeter/auth.txt
670f676b-9534-4e22-9a4c-8483a59f09c6,/home/mp/Desktop/manish/csye6225/git/csye6225-fall2017/jmeter/auth.txt
6920dd21-a94e-4a2a-9e3b-74b8ed5123aa,/home/mp/Desktop/manish/csye6225/git/csye6225-fall2017/jmeter/auth.txt
6978a4f1-e0fd-442b-9f5d-53370e088210,/home/mp/Desktop/manish/csye6225/git/csye6225-fall2017/jmeter/auth.txt
6a5fb558-b032-4057-b6a9-165ea036dd62,/home/mp/Desktop/manish/csye6225/git/csye6225-fall2017/jmeter/auth.txt
6a688d8e-5087-44a0-a1db-25049239279a,/home/mp/Desktop/manish/csye6225/git/csye6225-fall2017/jmeter/auth.txt
6a7ea7df-bd25-4d78-bb3f-afcb5c396d51,/home/mp/Desktop/manish/csye6225/git/csye6225-fall2017/jmeter/auth.txt
6c1bc371-9739-463d-b47a-e510b8e37344,/home/mp/Desktop/manish/csye6225/git/csye6225-fall2017/jmeter/auth.txt
6db08d51-b6f3-43f8-af6b-74eda4c5d0e1,/home/mp/Desktop/manish/csye6225/git/csye6225-fall2017/jmeter/auth.txt
6dd6a055-3992-44b4-ad35-8c1f6a452415,/home/mp/Desktop/manish/csye6225/git/csye6225-fall2017/jmeter/auth.txt
6e6fd33f-e075-4fd6-8ba7-b51e6c7a6d83,/home/mp/Desktop/manish/csye6225/git/csye6225-fall2017/jmeter/auth.txt
6edcb6f8-9345-4eb6-b46f-e6c72b05b032,/home/mp/Desktop/manish/csye6225/git/csye6225-fall2017/jmeter/auth.txt
70cf6cd1-3dc0-4439-ab74-073a49c35852,/home/mp/Desktop/manish/csye6225/git/csye6225-fall2017/jmeter/auth.txt
70f8f255-342b-46fa-89a7-a603543964fd,/home/mp/Desktop/manish/csye6225/git/csye6225-fall2017/jmeter/auth.txt
71057048-4a47-4abf-adac-5339ca053e19,/home/mp/Desktop/manish/csye6225/git/csye6225-fall2017/jmeter/auth.txt
74156d11-284b-4bc0-91a1-dee5b1872059,/home/mp/Desktop/manish/csye6225/git/csye6225-fall2017/jmeter/auth.txt
769239ee-bad8-4d21-8cd0-76577c0d1f23,/home/mp/Desktop/manish/csye6225/git/csye6225-fall2017/jmeter/auth.txt
76d47c28-f3c4-458b-bf0b-147c38f06324,/home/mp/Desktop/manish/csye6225/git/csye6225-fall2017/jmeter/auth.txt
76ec8da4-3834-436b-93b8-a3e2ed619145,/home/mp/Desktop/manish/csye6225/git/csye6225-fall2017/jmeter/auth.txt
772f0842-ac99-4ba5-b121-9c003460c3b7,/home/mp/Desktop/manish/csye6225/git/csye6225-fall2017/jmeter/auth.txt
79221a82-3ac5-44ba-ad44-68e0d2f20ee0,/home/mp/Desktop/manish/csye6225/git/csye6225-fall2017/jmeter/auth.txt
79d72d83-5e98-42a6-8128-23e4946846d6,/home/mp/Desktop/manish/csye6225/git/csye6225-fall2017/jmeter/auth.txt
7aaf7bc4-e4f0-4cf1-a9c5-7f47cb1568f2,/home/mp/Desktop/manish/csye6225/git/csye6225-fall2017/jmeter/auth.txt
7af8ff88-1e1f-4274-87a0-915c9540047f,/home/mp/Desktop/manish/csye6225/git/csye6225-fall2017/jmeter/auth.txt
7bf47c9a-7098-4de1-819d-3078e597d8c2,/home/mp/Desktop/manish/csye6225/git/csye6225-fall2017/jmeter/auth.txt
80a217e8-1ed6-4d09-95f5-f5c996a7bfd7,/home/mp/Desktop/manish/csye6225/git/csye6225-fall2017/jmeter/auth.txt
80f88d3f-4481-4d9c-bc20-c718b5f294ff,/home/mp/Desktop/manish/csye6225/git/csye6225-fall2017/jmeter/auth.txt
839d9900-cf02-4469-b49a-a41bb9c9d4fc,/home/mp/Desktop/manish/csye6225/git/csye6225-fall2017/jmeter/auth.txt
83d78d79-06a6-4bae-bed8-f80e40ff99fd,/home/mp/Desktop/manish/csye6225/git/csye6225-fall2017/jmeter/auth.txt
8722232f-6b58-4d4c-8bd3-3f4bd110be75,/home/mp/Desktop/manish/csye6225/git/csye6225-fall2017/jmeter/auth.txt
892f91cf-d6e0-4520-b173-2cbf95ff8565,/home/mp/Desktop/manish/csye6225/git/csye6225-fall2017/jmeter/auth.txt
89c26ccf-cc0d-4002-9ee4-4ab51fdf049c,/home/mp/Desktop/manish/csye6225/git/csye6225-fall2017/jmeter/auth.txt
8a097ee9-de28-47e4-8b99-b41cf2366fb6,/home/mp/Desktop/manish/csye6225/git/csye6225-fall2017/jmeter/auth.txt
8a21448d-0ad3-4387-84f0-042ee14e0880,/home/mp/Desktop/manish/csye6225/git/csye6225-fall2017/jmeter/auth.txt
8b07a5cd-4164-4fb9-a89d-42cbf7731601,/home/mp/Desktop/manish/csye6225/git/csye6225-fall2017/jmeter/auth.txt
8cd8f8de-db28-487e-bb11-1047e9903930,/home/mp/Desktop/manish/csye6225/git/csye6225-fall2017/jmeter/auth.txt
8df41b80-2144-4fe1-a75f-6f3313d46a25,/home/mp/Desktop/manish/csye6225/git/csye6225-fall2017/jmeter/auth.txt
8e1789c7-a3f5-4a35-82cc-e451fbb697ea,/home/mp/Desktop/manish/csye6225/git/csye6225-fall2017/jmeter/auth.txt
8e1a59cd-1d6d-4374-b630-509d96d69c31,/home/mp/Desktop/manish/csye6225/git/csye6225-fall2017/jmeter/auth.txt
8f236b0d-d5d9-44a1-8907-ebf7683d6790,/home/mp/Desktop/manish/csye6225/git/csye6225-fall2017/jmeter/auth.txt
8fb512bb-1062-4b9d-98a2-0cefb2694451,/home/mp/Desktop/manish/csye6225/git/csye6225-fall2017/jmeter/auth.txt
90b0d465-077d-4e95-aa35-7e05f98d1cb7,/home/mp/Desktop/manish/csye6225/git/csye6225-fall2017/jmeter/auth.txt
90ff86f5-d6cc-4f73-abdf-53ab869ca1d9,/home/mp/Desktop/manish/csye6225/git/csye6225-fall2017/jmeter/auth.txt
922c2493-8846-437a-9e82-957a28dfdf0f,/home/mp/Desktop/manish/csye6225/git/csye6225-fall2017/jmeter/auth.txt
928b552f-621a-4e0d-a076-58442bdbe0f3,/home/mp/Desktop/manish/csye6225/git/csye6225-fall2017/jmeter/auth.txt
9396e920-03a9-4494-bebf-b4a5edaa4ae6,/home/mp/Desktop/manish/csye6225/git/csye6225-fall2017/jmeter/auth.txt
93f9b000-8a17-480c-b4a7-9238099eabc0,/home/mp/Desktop/manish/csye6225/git/csye6225-fall2017/jmeter/auth.txt
9584e5d4-4d47-40c8-a4cb-578420638301,/home/mp/Desktop/manish/csye6225/git/csye6225-fall2017/jmeter/auth.txt
9690a540-21df-469b-812d-7e06c9450102,/home/mp/Desktop/manish/csye6225/git/csye6225-fall2017/jmeter/auth.txt
9704c29b-6d02-4d03-9c98-beeb0933aad4,/home/mp/Desktop/manish/csye6225/git/csye6225-fall2017/jmeter/auth.txt
97c9663d-d055-4e51-aca0-d152c3e12f95,/home/mp/Desktop/manish/csye6225/git/csye6225-fall2017/jmeter/auth.txt
987e6b1e-b3f0-4ffd-a9fd-4f4b384d7c78,/home/mp/Desktop/manish/csye6225/git/csye6225-fall2017/jmeter/auth.txt
98b7af9e-8f54-468f-b093-09e2fe1c6864,/home/mp/Desktop/manish/csye6225/git/csye6225-fall2017/jmeter/auth.txt
99efc441-1aad-4833-a4b4-49a2d33b62b4,/home/mp/Desktop/manish/csye6225/git/csye6225-fall2017/jmeter/auth.txt
9aa0ed7c-8b8c-46f8-a43a-52640847aa57,/home/mp/Desktop/manish/csye6225/git/csye6225-fall2017/jmeter/auth.txt
9ba2485b-d08b-44bb-a53c-3d1632a2a4ab,/home/mp/Desktop/manish/csye6225/git/csye6225-fall2017/jmeter/auth.txt
9d036667-898c-49d7-8c93-0f3443d93949,/home/mp/Desktop/manish/csye6225/git/csye6225-fall2017/jmeter/auth.txt
9ee03654-cd93-4e66-a9ef-43b4e41dcde5,/home/mp/Desktop/manish/csye6225/git/csye6225-fall2017/jmeter/auth.txt
9f620993-58e4-4458-b2b3-1c820be5113d,/home/mp/Desktop/manish/csye6225/git/csye6225-fall2017/jmeter/auth.txt
a454722e-0c71-4c97-9394-4086256a1ce1,/home/mp/Desktop/manish/csye6225/git/csye6225-fall2017/jmeter/auth.txt
a46f362b-9e4e-43ee-8c52-d7107a1f3a20,/home/mp/Desktop/manish/csye6225/git/csye6225-fall2017/jmeter/auth.txt
a48a168b-f895-4988-989d-723e32641f21,/home/mp/Desktop/manish/csye6225/git/csye6225-fall2017/jmeter/auth.txt
a578e4a1-e8ec-497f-a03e-a95a66aeb89c,/home/mp/Desktop/manish/csye6225/git/csye6225-fall2017/jmeter/auth.txt
a75e6c70-7fe4-4ec0-bdce-30d53e9d037f,/home/mp/Desktop/manish/csye6225/git/csye6225-fall2017/jmeter/auth.txt
a85d95bc-79bb-4774-a837-66e1baa91fed,/home/mp/Desktop/manish/csye6225/git/csye6225-fall2017/jmeter/auth.txt
a96c8939-c177-45ca-8352-30585ff4d11b,/home/mp/Desktop/manish/csye6225/git/csye6225-fall2017/jmeter/auth.txt
aae02397-cde4-4b00-bb5c-52afdd4f0eff,/home/mp/Desktop/manish/csye6225/git/csye6225-fall2017/jmeter/auth.txt
ac1fc792-7709-4596-901b-2371f61e09c4,/home/mp/Desktop/manish/csye6225/git/csye6225-fall2017/jmeter/auth.txt
acebc072-8001-4601-9a11-d40cf341df30,/home/mp/Desktop/manish/csye6225/git/csye6225-fall2017/jmeter/auth.txt
ad195afc-6c97-487d-9c69-d9ac4d5c0b2d,/home/mp/Desktop/manish/csye6225/git/csye6225-fall2017/jmeter/auth.txt
ad7a147c-15f7-448f-ada6-08763912045c,/home/mp/Desktop/manish/csye6225/git/csye6225-fall2017/jmeter/auth.txt
ae07fe71-7793-4efe-8b19-3c38acd0ec3e,/home/mp/Desktop/manish/csye6225/git/csye6225-fall2017/jmeter/auth.txt
af37426b-ba04-4471-9ff9-314b1743ff6b,/home/mp/Desktop/manish/csye6225/git/csye6225-fall2017/jmeter/auth.txt
b030efae-2009-460f-b9a2-b631a20ea415,/home/mp/Desktop/manish/csye6225/git/csye6225-fall2017/jmeter/auth.txt
b0b69b97-8f48-488a-a591-bd690cf9f7af,/home/mp/Desktop/manish/csye6225/git/csye6225-fall2017/jmeter/auth.txt
b10fc95f-595f-49a0-a681-3be4b9815b0b,/home/mp/Desktop/manish/csye6225/git/csye6225-fall2017/jmeter/auth.txt
b229bf38-57fc-4a5f-be5c-d1a2c67d4e04,/home/mp/Desktop/manish/csye6225/git/csye6225-fall2017/jmeter/auth.txt
b2d5952d-4d27-40ce-b788-d95c95ca705e,/home/mp/Desktop/manish/csye6225/git/csye6225-fall2017/jmeter/auth.txt
b346d7db-dba1-4ed5-aed0-b10abc8905cd,/home/mp/Desktop/manish/csye6225/git/csye6225-fall2017/jmeter/auth.txt
b3765e30-0bfd-4652-a9b2-b7afcbb3f881,/home/mp/Desktop/manish/csye6225/git/csye6225-fall2017/jmeter/auth.txt
b40add58-8011-4ee4-b0c3-1dba27da48c8,/home/mp/Desktop/manish/csye6225/git/csye6225-fall2017/jmeter/auth.txt
b52d9312-5f9b-4d86-9349-cf7d53667ee3,/home/mp/Desktop/manish/csye6225/git/csye6225-fall2017/jmeter/auth.txt
b5bcb7f5-a722-44a4-a6ca-6a40aa0fc9e3,/home/mp/Desktop/manish/csye6225/git/csye6225-fall2017/jmeter/auth.txt
b633f429-89c1-420b-93d5-58fb9de0f9e6,/home/mp/Desktop/manish/csye6225/git/csye6225-fall2017/jmeter/auth.txt
bace2113-d05c-46fe-9dde-6bcee89dc09f,/home/mp/Desktop/manish/csye6225/git/csye6225-fall2017/jmeter/auth.txt
bb46b46b-6f68-416e-b527-a65ab2f93d78,/home/mp/Desktop/manish/csye6225/git/csye6225-fall2017/jmeter/auth.txt
bb9ed0ce-6776-4942-b2b9-23de75d42cdd,/home/mp/Desktop/manish/csye6225/git/csye6225-fall2017/jmeter/auth.txt
bc40dec3-acc8-46df-bfa7-ec90cd8ea067,/home/mp/Desktop/manish/csye6225/git/csye6225-fall2017/jmeter/auth.txt
bc8927d4-87de-46e7-bbfd-f97df7d61522,/home/mp/Desktop/manish/csye6225/git/csye6225-fall2017/jmeter/auth.txt
bd06c7af-c6fe-42f3-abbf-9a8e2d8d1935,/home/mp/Desktop/manish/csye6225/git/csye6225-fall2017/jmeter/auth.txt
bd0854a3-9a2f-408f-8c0d-89b58354287e,/home/mp/Desktop/manish/csye6225/git/csye6225-fall2017/jmeter/auth.txt
bef93e2e-e797-4dad-90be-244c10f92fc8,/home/mp/Desktop/manish/csye6225/git/csye6225-fall2017/jmeter/auth.txt
befad95a-0629-4598-8869-5a11056f4202,/home/mp/Desktop/manish/csye6225/git/csye6225-fall2017/jmeter/auth.txt
c061911e-01bb-4587-8ff3-8f8d761e9389,/home/mp/Desktop/manish/csye6225/git/csye6225-fall2017/jmeter/auth.txt
c0733d94-0bfb-4bf0-85b4-9b7e4774094c,/home/mp/Desktop/manish/csye6225/git/csye6225-fall2017/jmeter/auth.txt
c17f552d-bc8e-44e8-abe6-7dfe86897992,/home/mp/Desktop/manish/csye6225/git/csye6225-fall2017/jmeter/auth.txt
c1a1299b-c8af-4172-8535-4a30ee8ae673,/home/mp/Desktop/manish/csye6225/git/csye6225-fall2017/jmeter/auth.txt
c20c24bc-dd1f-42b0-9210-f874b4838c28,/home/mp/Desktop/manish/csye6225/git/csye6225-fall2017/jmeter/auth.txt
c3cd99cc-1b9f-4d9b-926e-4f355ca312e6,/home/mp/Desktop/manish/csye6225/git/csye6225-fall2017/jmeter/auth.txt
c44e991d-b76d-484e-b43e-f302645eafe6,/home/mp/Desktop/manish/csye6225/git/csye6225-fall2017/jmeter/auth.txt
c46db0ed-8276-4da4-b353-556414a5fb82,/home/mp/Desktop/manish/csye6225/git/csye6225-fall2017/jmeter/auth.txt
c57b5821-e40a-4b4b-8802-9cc184870698,/home/mp/Desktop/manish/csye6225/git/csye6225-fall2017/jmeter/auth.txt
c6fa434e-ecdb-4393-8a3c-358eaa155a9b,/home/mp/Desktop/manish/csye6225/git/csye6225-fall2017/jmeter/auth.txt
c889c7d7-e04a-4d20-a044-b28112cae77d,/home/mp/Desktop/manish/csye6225/git/csye6225-fall2017/jmeter/auth.txt
c8dbc560-339d-468d-9bd0-ee0a8f304d73,/home/mp/Desktop/manish/csye6225/git/csye6225-fall2017/jmeter/auth.txt
c98a89b4-095d-43c7-bcb2-a06f616cf32a,/home/mp/Desktop/manish/csye6225/git/csye6225-fall2017/jmeter/auth.txt
ca123f96-29c7-4b38-a393-418cb4dceb2a,/home/mp/Desktop/manish/csye6225/git/csye6225-fall2017/jmeter/auth.txt
ca3dbfb6-9a38-47e9-94c1-2224d74e8c3c,/home/mp/Desktop/manish/csye6225/git/csye6225-fall2017/jmeter/auth.txt
cd30e9f8-103c-4cd4-adbd-e2afefd5f811,/home/mp/Desktop/manish/csye6225/git/csye6225-fall2017/jmeter/auth.txt
00740ad0-4116-4d1c-b8d1-1b1e7a6fb9a5,/home/mp/Desktop/manish/csye6225/git/csye6225-fall2017/jmeter/auth.txt
03b8f15a-a87d-428f-be09-fe501151c464,/home/mp/Desktop/manish/csye6225/git/csye6225-fall2017/jmeter/auth.txt
045ec2f4-bd34-48a8-8d0c-65b2338020d2,/home/mp/Desktop/manish/csye6225/git/csye6225-fall2017/jmeter/auth.txt
048555ad-b36c-4afa-b38f-beb9d29c8011,/home/mp/Desktop/manish/csye6225/git/csye6225-fall2017/jmeter/auth.txt
04fd5c1a-8d03-4634-8b43-a2c196854203,/home/mp/Desktop/manish/csye6225/git/csye6225-fall2017/jmeter/auth.txt
05aff805-f24c-44c8-9dd6-f8007f033a5b,/home/mp/Desktop/manish/csye6225/git/csye6225-fall2017/jmeter/auth.txt
06af84f0-49eb-44e1-89ee-0550f1ed5b72,/home/mp/Desktop/manish/csye6225/git/csye6225-fall2017/jmeter/auth.txt
07d9ba5f-92aa-435a-9f4c-635ad0dc6f52,/home/mp/Desktop/manish/csye6225/git/csye6225-fall2017/jmeter/auth.txt
07e7fea6-4585-4cf4-b0a7-6f5b56d2b8fc,/home/mp/Desktop/manish/csye6225/git/csye6225-fall2017/jmeter/auth.txt
080b4843-628e-41c8-a8dd-361e5f3fb753,/home/mp/Desktop/manish/csye6225/git/csye6225-fall2017/jmeter/auth.txt
08eb8bf0-189c-48bd-a3da-e63cfbf8fa31,/home/mp/Desktop/manish/csye6225/git/csye6225-fall2017/jmeter/auth.txt
09a13ae2-c306-4322-ab23-18eb65f57977,/home/mp/Desktop/manish/csye6225/git/csye6225-fall2017/jmeter/auth.txt
0ac6cd60-0edf-411a-9af0-b876dbd759c0,/home/mp/Desktop/manish/csye6225/git/csye6225-fall2017/jmeter/auth.txt
0b076f96-19cc-432b-a2c2-b43be2368067,/home/mp/Desktop/manish/csye6225/git/csye6225-fall2017/jmeter/auth.txt
0b24fbbe-0619-4bec-bc11-190e2fdbe32c,/home/mp/Desktop/manish/csye6225/git/csye6225-fall2017/jmeter/auth.txt
0b65ebd2-9376-4966-ac6d-3b920edc80d3,/home/mp/Desktop/manish/csye6225/git/csye6225-fall2017/jmeter/auth.txt
0bf622fd-c014-4719-ba9f-291c41cf32b8,/home/mp/Desktop/manish/csye6225/git/csye6225-fall2017/jmeter/auth.txt
