00454630-45e7-4950-8397-41e511d07f0d,Description 4
015b2c8b-0aca-4774-a19c-9ea76c462c11,Description 4
01689352-0701-4bfa-948c-56e17f1ba8d4,Description 4
01d50276-5a6d-43ec-ad6f-11b37bda6ce5,Description 4
02400f26-1e52-4b2e-90a7-245eab374a1b,Description 4
02600220-fc88-46ea-a5a8-4f0424442d58,Description 4
02640747-e4f8-44c6-909c-518d6e6535f8,Description 4
02b5677b-1136-451e-8cb2-657611c03426,Description 4
050d1e62-c865-47ef-8500-9b239b1d60ac,Description 4
0581c1bb-dd1e-4979-b306-443613f4f9f0,Description 4
05971f2d-224f-493c-a034-3b137cc913ca,Description 4
070c564e-e62b-478a-b329-9adc2ee029d4,Description 4
0712bc91-1d4c-4b6a-9750-08ae84446eab,Description 4
071dc41e-75ae-4432-9cee-487aa6dfc18f,Description 4
077e91ee-91aa-4211-a2cd-8704c5947467,Description 4
0970d067-efe6-4051-9176-3c1916bd9226,Description 4
09c6a9a2-b24a-49c7-b7f6-8abf81306963,Description 4
0a1b9ea0-cf22-47e6-a56d-802cf82046a6,Description 4
0a2eb19a-9028-43a9-a6e3-4f50c3e8a030,Description 4
0ab9086a-3523-41ca-9bc7-ca1ef3e257dc,Description 4
0b2fa3e5-fad9-4843-afa6-fd6abd661310,Description 4
0b6a7d90-777b-42dd-97ef-69a2c0567460,Description 4
0be8f9ef-1f06-4e2c-b61e-95b231806e1c,Description 4
0c67deb2-0e6a-4dce-b23f-452200f1a40e,Description 4
0d21c776-c258-495b-aa85-b3a5a942a998,Description 4
0d3f80ed-cb78-40c6-ae24-dac9fb945428,Description 4
0dafbe87-5764-4638-824f-9b87b5cb0389,Description 4
0e5353bf-d9ba-44a7-a023-62d09b216a69,Description 4
0fab2e0e-a460-425e-88f7-cb19ce60d305,Description 4
0fabd923-723a-4609-8f3d-87054baf819c,Description 4
1082d312-90c8-42e7-9728-85812c323fdb,updated_description
