1,$2a$10$bmdgJRICHgzHQEPLVc7Dt.5BXtNSUyTvi/bCRV4K9yDUV5363LKDm,manish
2,$2a$10$SgVISVa4YpX2lM/5Q7Lt/OtD8n1VTutp7Y4F.ve3OOajj5eH57GNq,rahul
3,$2a$10$GxS9AQy.qrPxBJOsjTwYVer.ImCYDxCuQ8DRDgo8E.PSf1JsHGBIy,1zzzzl
4,$2a$10$gQpDys33BiTlPqFAUtuAp.5WzdFvnZvcHLX34DEd3HQgCpCDQKlOi,zac2l1
5,$2a$10$7sVzrTTwOmtc2xg0p9DLLu8oo9DlXu4NIfBckCZr1wl750BOGbR1S,c1zzcz
6,$2a$10$1WEwqorESB3Mefzq9r0uA.ve1Gz98WUlhZJdMPSs23IxXXW6XceOu,ckz2zz
7,$2a$10$4miTCtvQpEcZb/90yC1iBu/EHC9JnyXs1fuUw881as8ErtZiqnQjC,1azel2
8,$2a$10$f9hOTe3NbJIDV6M.oy.zk.wLfmNvQFoGIWU7cdLz8WlwS8Ws3kM/C,22z2c1
9,$2a$10$8nG200uo20A0MpWVyL9Ci.rKxLdnigLtDAmOVgIu3fvjeaOsAFXzK,alzcal
10,$2a$10$R.j3RNvwhKpD.yfdj/Ldo.mg7okbNqgecH1zq2BfGWji6QF7srmpm,zac1lc
11,$2a$10$P5ejngvParqWkjzjCzRtlu/NzHgHTovzJIYolm44IDzVoo6aw4IUC,zk2czl
12,$2a$10$lupvJHDMkkieL4ptXRdNxudkjwtZtttXlon4ecHz3.Cw.wV3ma2ve,2akzac
13,$2a$10$pNabwPkb3xXJ09S9bo7/J.rjyygKZcNAfSDtMf/hMXIrZtUeLmlW2,zl1azk
14,$2a$10$rfosoyNYszUXO0mm9NgiFO2FdTBZQ7anTxAr1VcyFJ5m6JwDB.Boa,zzckzz
15,$2a$10$xKTEMPuSQIoxJD3NZFGXdei1Sba.QFcavfw7rD97EqhD6FzZ/sKlu,ecezka
16,$2a$10$FHS3MKSYeZmnwuLFzAwCnOrtdj9J7ZwgBHKlm624kl2xmfpfhbfjy,acz1zc
17,$2a$10$o4QecggCzjPQdB.Ad57plepPnERHJj1dTMyo7fKWYauuoLi5LUKna,acc2ec
18,$2a$10$c1fYYKjqWpP31JPBYkVKBuvx5Fs0f4IN3zYRH08Ug4pf76dsidtP6,aa1z1a
19,$2a$10$vW2dIX7n7JW5wSbQRJKdhu8geI8LZEWHq1jNIQyPlr4NK.fWfqWQG,czl2z2
20,$2a$10$zdoNshAx9YAKzui3xvoElubCUrYXzgRoozOutYeWAC8mPuYww9koK,1z1kcc
21,$2a$10$aQMKry/hdYXKMaHjfi.ZSOmWhHV3iKDO7rvhbS6q8VgcVBnJD7S1y,1kzc2c
22,$2a$10$RYnz3IPsX7HPViAkvhKM8uwqU3S/bY4PVmjj4xh/vQV4DviRvIEha,ek2a1k
23,$2a$10$LjF7X0h6AOZzzQ9NGyaXGOqL2LyUMnIXc463AbyEXCJHJrJ.rKYSK,aek2cz
24,$2a$10$Quggt0IaFI7IQaShBRMzVeMCbXPPkqA5d7dNrCiFBJH7nYzz2sZXC,c2zzk2
25,$2a$10$2sXhkCo2Sd92vHN/lwFNXOZJHt/M/Y6zu8UNFfRk2LiJ.U3jnoIJ6,k21kzc
26,$2a$10$RZ1GKDrckhEtIl/tBz5wEOAfzjeBXOmF.J9qZQ8idrpE5uym0Xr/u,cac2zc
27,$2a$10$/4DgPPYoGvCXeuiYECOPuOUN0UMGfIZ8zUWUOrYBRXXhwrHeOmgKK,11klaz
28,$2a$10$xnZL0eHQ4jRLq.yxbs431OVgJ3.3TlJFHoitr/P4PgM15hAjNBvOK,zcl1k2
29,$2a$10$lP0f0NdRMU2d6as1DsaKK.G9q7tuttBHVad8vnOejFGfY6BnQQj0S,22c21k
30,$2a$10$0Db9vuEeI4L7GL7CnNB2UOz9nT1aPohTJL8iw4U/l8gaeR1oEYZPe,czcecl
31,$2a$10$MxV62htjAsg4aqccLt8v0uYxCSUBZ6kENeuRTbhk/ZPMZG6/hxbZO,c2z212
32,$2a$10$ZK6AQ0bRyUJxJSIoX2J4ceYfJCB8QF0w8j5tE533K5xk41ILf/ouu,cc11zc
33,$2a$10$JXydwYFsBbFL0CCFheTfjOLvhQZV8Nuqu4TlfzLCYKJ.8vhf4TIa2,zzzczc
34,$2a$10$PilO83qVa955C19ztdmzeucexmjd0t4gp0.9ZPOLcAlSily27rgcq,zezzze
35,$2a$10$gKm.LwbLyJvZ6/TeUcjbTeyNDEq1WWfROqll0dCphGQNGOSNUuOoa,c1zazc
36,$2a$10$h4WZrEyODUrzzco.QdUBTOUpgRFSSJ2QV.CS931Sanu/aH9yAbvle,e1klkl
37,$2a$10$1Nwia9PasoKNhArjc/wpSuG/RDzlEG3imGOnrc/jg7q8MFjA02IJi,zzez2z
38,$2a$10$YOTMal3hoirqzDxjdCz16O/xqYdMEfQKvHE.RGFHPI4HthVFIdUrm,zc2aca
39,$2a$10$q3Ce7jge.Unxpo1c4sILw.Y.iUaSD4KRTm0wGqTGfk4Amxopp6y8e,clk1a2
40,$2a$10$svnG79VVz9gWZyL2Dyx8jO2NSBi4h7LMzP/q7t6b.BDjaplpTWeCe,aza2ek
41,$2a$10$W88PkM2fKc2opeXQnTjstO8XfunOmXO1DhkEMgXDk4G6KtiC8WcxG,1ccelk
42,$2a$10$Xu7mXgjynnEuafTxvzA7lOW21NYCYj1LoO6fPT6IQyChL7BWitlom,klaclz
43,$2a$10$j5Aek0CFTfdnKxfjhiIgmugQnN9zSAuKhrfrvrqjMLxmj0cQelf7.,1eecka
44,$2a$10$mCSMUEb2g69rkVoJ3IXjx.AVAlogyOatRwo6/SxDh7kuOry6O9HJ6,zll1ac
45,$2a$10$x.Xa3PYtfDg7qVBLTzKTCe3i4iEyFsX8KV82zdIpFUr.thut5SgX.,acclk2
46,$2a$10$1.xVgjeNPBl1yqfYYlWyNOgRktH0ko0EWYBmf8EynULhdCrbGMCve,ezccec
47,$2a$10$XPfw2r0ceUrZHCheiOubzeMsO4RbhqK8eae/aQbA8/ckq23n3nPPu,a2eza2
48,$2a$10$p.yMtZ2XfzS/vzJoC.zkiu7uY89.EcxdE2PO5qMUdZJkwVb7e3Kkq,kzzaae
49,$2a$10$..DkvmLBxMqFswPAwcOiH..rAZSXL0beaCpwb9blnwHMW2KLhZQg6,clecca
50,$2a$10$0FJwn8O/e4GzK3UUYozBBevQl/vjLK427BV9OrdkNbv/MHnDGPXIW,cclzel
51,$2a$10$Y0cRx.qJ4WLpFwwkhp7o7O/CqWyl.lrRj4PcU2.WBbxk8pQ.YxCMe,2zle2z
52,$2a$10$xyxQjm271dlA8xuZe7YMmO/gAQuZ0PqENgBXovB0OGKwiv7/0/O36,zlelec
53,$2a$10$hxgaMwBqm7bKCdvfK30d3.04rMXcTuVPRgjh.wQebicJEGnV87vKe,zeak1z
54,$2a$10$NWfxoB.1oOHTZgIr6Z5gD.qyTjDzpn5uamUB5CkoNf0VZR9kr3vji,zlkcc1
55,$2a$10$UaO6z5bptiAvv6G7j2cQS.L8rzR8PZgpgfxTOp4sZ4Sj7mtbXmD7a,la21ka
56,$2a$10$pa9LDroM6vLsh.LXgLux/u.mgiMoaeeg.yi.6xfLIx6HStnjq5pOS,la1czc
57,$2a$10$wR4AXr83gTUPRDxvh5c4jO9gkjCbX5lv91a90GwwcfCwUEjgCH1R.,cc1ccc
58,$2a$10$Vnl4uQOL6wEG/4JhMTTCcu0gsB7JcTbrG4EVkffFl.g4EHJvmHJJW,ckzk22
59,$2a$10$MehiM7Ew1/EGmEeItY1i8OPk5C79myXIj12X22P6FUc039PsJN.Ne,la2cck
60,$2a$10$LZUlZxrqnV0oOklRu8L31OW0QbS/xkT0O3XFzYFwwWoCOA68prob2,cceaka
61,$2a$10$cQN0uFUukCQq9IkV6RSHzO12XsTdkqOXvgP0ZkCBtwJoKLL7Lj2ni,ccak1z
62,$2a$10$zzwTeFfvpvND6CK2gGFP5ugB9CKWFVpFzeQOFAkhNqU5wnWTsdS/m,lzzccc
63,$2a$10$foUpo5/gUjIuvoIxfVyXVeJYDTWTUuY08vwa0W88C3uvdnzabgLrC,ll21lc
64,$2a$10$oHsyVwHg4Jt3qQYxsaMGAOmfFdmFtp7p5.aax/N7fgPWdtTfFDYey,ecaczz
65,$2a$10$egM6mFYzzRVmktbEDsGf/e0mMz4qYdgaCkI01BcnyXCBuKIbIit0S,zelazk
66,$2a$10$pZMy94GGTwjfwta2Y5jxieU86fzMdQStGq64NsLrj0Kkf0.jTZDyq,ceekzc
67,$2a$10$.e00tvNrv4N221WD6d/msOMAa420YVDBo6UsxV5jHXZn3eiLlmOMG,clcaza
68,$2a$10$7raTOZnKJwV7i6NOnx7pgO8OofSlU4XABe66PrjzsWhB4XTRwA9tC,k1ack2
69,$2a$10$3oyzTsuHQz10ZBu2/byUpey5YhDbR8VXCZUsxvojsIYD1TB.uOF06,kkelzz
70,$2a$10$noVYxH94K43gzGLOZQTMX..OlGrLzdBZJ5p9qPIA8I1iuy7Zd/9xa,zz21z2
71,$2a$10$F2jRWDDHsk2VSqhfBRQKj.Fny7Iu/XkZuxu80k8YLBKZXXJ03fH5u,ezc1a2
72,$2a$10$A4ksjrom5rV.83pZwLB/Re1S0.2X53Nqd1mSGEWEgyXAYdxQGbIq.,eeac1k
73,$2a$10$kR6lbHqBvnqJSEL926etjOTkvTxZOJimnSnOD31s1vDKSak.PLWb.,ll1c2a
74,$2a$10$KprtDqc.ASoPikdPERQfqOG83zifjWFs1tMnUCyN4JuPSLxZm7WwO,1zcaac
75,$2a$10$lRSQtv5G7XY9Watz2ozTRukHAK75OYXn5D.4Rabyl3O7Co9kt3GOK,azc1cc
76,$2a$10$f1rBzUDzXYhVkCkFpAi0B.7HwcT8i1OoHtJ2XvQWHzi95VgxIjsdm,2ceael
77,$2a$10$eVBGgFXpfyDYJKk1Wf9Tn.T4CtMSVCyz/o/tU6ds/u7atcAX0exFa,czl1zc
78,$2a$10$KxvrDDcROGMZQQoRUXgpVufxQBXFDIrMiautmwPKMHhzKe975734e,zazezl
79,$2a$10$LMPegzWOJZdhFeZD2fqnRO.6.PGXSRLyRW0zAzprHFL35EAimrIG.,e2lezk
80,$2a$10$rlccikpxL9UFlfQ9o.0SHO63xSuM7.PbTqUGcvHUW/3Aqfgcp7wO.,zc2zlc
81,$2a$10$GWOfEhfRGpCoiWILvZG7SeKLECUYEWN7LQCWFNxxxmWkQy/aJEJzC,k22aaz
82,$2a$10$SrqN5IvsGcsy1bhdhudnne1A80bjQbiY8rzZmewrfVGqwWRg0RNmy,1zccla
83,$2a$10$LcjvTPwmbuy4FJJIGJtExe0M127eWhuT1/4fMwphJWvTS5XHXvQCe,2lce1z
84,$2a$10$BMitLDxmoxMPz/xWY8YX9OFVWLhmgUDD2GlxTkS1TFn13JmykRwui,elz12k
85,$2a$10$QPuJDgg5kE5g5yolVn6UguhQDsi7UJRrvN1NmVNbSxAuVEDWHXgXK,cec2kk
86,$2a$10$jpeCVTWcS1QSdsOfIZ62VODDEKGnpc2fj4CuwDw60i4Zoqr6RY0c.,1ee2z1
87,$2a$10$aW2aiBlSzyukRDOLsqy2C.dfFamgDvpQ5KeNqqbTgWi1cgNJ6O8du,ekc21z
88,$2a$10$akxpVdgFWVpLQmLTksLCxuP5pABYupC6cmxKhEud0Mpr3PS8TDtPW,lzze1z
89,$2a$10$EiWK5rzUQNtp6g90CcTBb.KQWtcF5ycegID2D6oDgNp8yP6wwzoe.,1acaec
90,$2a$10$/Lwl/aFfKN6FrtmtWlvFrefnM5qPao6rDawLG5ef7xj0Aiu59QmxG,zzzzcc
91,$2a$10$./QKYGI61b0HTh8UwzNcROD.YUYQMYoQhdynhcwMEhkUz.dBk9E2u,lezkcc
92,$2a$10$uEbmXuIngezH4LMsq2NNr.qa0QLm5FasvP0usuFGFeo7dJqbUFsiG,2zckkc
93,$2a$10$jlqCyQj.mkJjDugMeaUDxe/LOOPOyc6bl3Wo5hf/bohjA/MstVUJS,kealzz
94,$2a$10$h1nJQei7iR/AFxbIFiVyk.IIDDHwWv/MSw4gTIuqz8.sho3Ay2uCq,ccc2ll
95,$2a$10$It7R.a7pK10lW2M3fYSg5Od8Jvsp97eO/lSkOKYkKZiN1Pe66g3BO,ceel12
96,$2a$10$v9ZLkclyhn2Ml2T5ei2StuCBefUgX8LeuE41FgktPrgVtUWPExdh.,cak1ck
97,$2a$10$B3zU.g7DxTl0sVTltosFA.jqC.iTQKRDe.eYuNSztF4UGobaiiHIK,zzkac2
98,$2a$10$PBIiI5SMW6IA7I8RxshsRuRJqjrIcWxZKiypVvNGQwgWQn3XRg2zS,cz12cz
99,$2a$10$iFn.JuiaVae6Udud9cSP2eglMn9bjfwFmOY0o/OU/n6JlikccHPMu,kake1z
100,$2a$10$gJHkVkyQ3dZPM/moTXVON.hfnqGgWy0PZgHiUDmNMuDxrkhiJJI0i,22cl2c
101,$2a$10$N/6LNDCrvcjHAT.ea/.xvun6Zg4FHwW7SIUVRwrfN00htCsvn3xxa,1cec1l
102,$2a$10$ZU3JWh.0AIWPU/LWF9.gWOcUe49XV8E.y6rXm4rQ0qbDDdSW9BiZO,1c1eck
103,$2a$10$t0Coqk/jgA9knIgk0Lvt4uARwIbjy4Ihd4i3AXbx9Sjt3obclal1O,lzzz22
104,$2a$10$RxAsiOY47th1ajnLgnad4eS8fLCNP1bzEizX9O9Oy02OC0olBeSOG,lcca1c
105,$2a$10$8dEBbLZw5bUuAkwKmoNoa.odvNVduGR1itnn2C2wh8toSyJEBxefK,czzkzz
106,$2a$10$3PcrhBS46AeIh.dVgtyCq.ljMKZMqPCyqTrwc.YbZDxPQPyZaWOIK,c22cc2
107,$2a$10$rCbXY0eltnEeo8uPd6NyXeD0EMTuVY5Ve/Qi6VCaywx3vRi4xH8ZK,ce22e2
108,$2a$10$991slp5TEqW5zFO8gtTDkuHrkIbgkeCvFSzDNqJp/dPhEa3QGG3MC,z2ccee
109,$2a$10$zZ4MoHW50YUeswUROaGY7.W5lbmgwaWy3nfKnOEFT6BK6j/ovHQnC,ecacka
110,$2a$10$bObXi03Ceci/S5zCxTvrdOYKq/cwIWq5ryUpR5m2BZ.qVDHWfFiq6,ccce1k
111,$2a$10$JCzx1Dg7kv90fTrCejtoCOE8exUrTetSTTKmg0UosIe0xX5E.SVO2,a2cakz
112,$2a$10$45V3A6qF7rGz3xlUtRKB1.PCdEmLWqi2zz7ll7.fFeHQL.OzX9dQ2,kkaclc
113,$2a$10$oc3Yi5VyxQ86IEk/hWhrf.V4v29otGyVuq3ZIxtyb6BdndxFn1Zp.,kaalzz
114,$2a$10$fE.i1ackygyRNCg4ZnCKUObHCqvjYwntx4jUusayxrj6Q5bQZJff.,222lc1
115,$2a$10$bo07d8HcSL83fRy8Jt6boOIgq2b7tV/W20VEeeHRePTKUVZ2pg41.,lklzel
116,$2a$10$n/3u9QAD/DxsXuQRgeiOGu44/.rz1NH204jRyKVwFTwIVVgmJ/zh6,c212cc
117,$2a$10$rOR9fV.1nvWLr6yuXKAvc.H6VgB3xbfDnwhWVQwwCxHKytfliLmL.,c2z1zz
118,$2a$10$gxMM3SFYxGOFxegabPAqtucb.J.auCSSUjWzn1Zy4F4u5khQUww7a,al2ckz
119,$2a$10$fUrr3rsjJ5WFOBxpZINhfuA8v2XJ9g7IwaIFqNEduw/A/sAJ6dnri,zk2lck
120,$2a$10$st2/ozYP85VltGs6ogHRM.3EmRonDTTH9kuYgWMspzzZfqWmLnRPC,2ccelk
121,$2a$10$v.nvg2HwcgELnEa4sYIJbuHwCjBYQxB98f949avv9d.0z5gYFbiUG,l2lzlz
122,$2a$10$5n7nwSRiF.HzWH3h/JQFYujM8xwhJx2BHQqs7Vyisx/guQnSC6qCu,zzzz21
123,$2a$10$S2pC6K95KXzRxKsfYSteLuO7mPFmzkdPcj8k3KUOBRBJIkW5Z5CMO,lczc2l
124,$2a$10$CyodvyZzMYZHvXSyPE3WsOTry4V0.WPH.vWuVzynNcwp1bnwlIZDq,c2czla
125,$2a$10$aeUs3T.nhPzsWAL1ga7CQ.CVT88JxPys5oGKvIjI8C4XFmOj9vcJC,zz1z1e
126,$2a$10$Ulj2RFOafv8e/R5BFpF.m.h35cTspMrMJcnlmuCy8I/OhJKPDDhiG,cllkca
127,$2a$10$PY3IoYG0r/1zbVRR1XCcwez0LlRRWnqEWnEWqiQwYNetMaQKqn3aa,c1lcaz
128,$2a$10$tdPDcAgA5DFNT4s.PfnzdO4KJKHWntP.seZR3LUH/hKCy9TjyBCQ6,zcccak
129,$2a$10$C4gJyUG5nYwK0UJ.ruwJOOuhg5a5hecC0kAzkt3i7EeG0cUH/CxG2,zacaec
130,$2a$10$LTcifJDxzMDNxp.HZWWC8exeARRUoECD0zLS9Fdn8XJV2R4apsk3m,2kczck
131,$2a$10$Zm0Cb97Kwevv4YkamZkh.etIUnN9Owj.0V5pFuZZkmK7k6cXAdrYW,ckacel
132,$2a$10$s43r2blO1Hk5E0bZVKWDYu7EUqnJrePXbe2z0Tvt3JIXIkUI8zgN.,ekaaze
133,$2a$10$38lMd/9wivvaWiHWqm.i2.JGG2tV8fNdz4nOw7cpnM1gfcsHBppVa,ez2zke
134,$2a$10$FA3idb9nxuSAS5sR1CFVHeenrs.6vqf0vqVV28KzvG6iI4qGKR3Ia,1lkc2z
135,$2a$10$qE7iTmke4kKpnJ2jQE1BXu1yhEvhnqTsvfQyT6A1zLulw2O8MA55O,ce1a1l
136,$2a$10$I62waeqOFHVihL3rbHy2.OZxgohd0up/Qw.kR9Dru5uMwxrJAeuiu,eklz1z
137,$2a$10$VNaWJtFYHeTnYD2MLUM7beKaf.rR.Gk9x1QPawr/G/xBhQXewcx2a,caze1e
138,$2a$10$tCPq2ihskT6LfvqAkTgvie3RnCEZFK5sgS8JHCiwuOwmKreDLxG/q,czcc2c
139,$2a$10$eLRhpiMZj4DLwGZGXpdICePFEewQQQdg.m5nuza53j7nEoSOTX3x.,k22zzz
140,$2a$10$uU1Sw9McpEOls/NoiKG20.8Y05mwbP0shbi1Nu41JWMSEC8zj3HNm,1a1eza
141,$2a$10$QB2.hsWl.lBeIXWI9JWMMeWCZtdh.4.NGPEpixQUcAM5IS6Codge2,z22eza
142,$2a$10$6A3SwYnQHXZ10OEMGnJ4OekqVpPlaiE2wZqrWEJacs5bOxD.AQHxe,lccekk
143,$2a$10$26L4rwB/SFeeEeDq.ssoN.3ZkTOgzW3KvDrT2L7rHIVCstUUu72p2,e1allc
144,$2a$10$LGSIZ15d15EaqzW.hJEbguC8PJ70irIb4kWN.ZORsiW1LrdWjiC.W,elc2k1
145,$2a$10$z1nevQAtcbmv54NtEQCHmOm7m37Gg31OUYuQHlOP1bRDcG1tRJJfu,eackcc
146,$2a$10$UMHR4LsWJ8PTQOF1iS5FEes8ggqRsdhPJkg3sJCgPkXMiAh/w6A4u,cezcll
147,$2a$10$VeYtTLyyuHh3Arn13RhTTeENmGZ.rNg9ZX7ElxWaW9K/3I6oGpQSe,c22c1e
148,$2a$10$UqyDJ53QodQi8Fd2NmUWQ.61P.PyrQz6uxXPx3zO3xsXygIFGOIb6,2leke1
149,$2a$10$9ujWJLHRovqU9mvFKVgsqOhi9x7iKz2L6HtBapOighZy2GMRsBXv.,lzk2ll
150,$2a$10$8VIN3dXFHAyl8oBTLUyJqOuchC3tftFkOhQPbYlNv3r7e0c8ZSbW6,zzlacz
151,$2a$10$.XKvBmBKsmUl3LzXZsXryeDN/KbHPwEsbBgqriz30ePslwimKcC8q,lc1cke
152,$2a$10$eRHwVMxhNWQtV.Mfchlh1eJHqmGB5.2WQRMw/zgiH.LX8FUqmOhOO,z2e112
153,$2a$10$yWeNnhyca1OPLbfEvpA1fel3QNxMV/elLOmSlhzpTVPrIq3wh/.Ci,az2el2
154,$2a$10$rv6a/Gshs3V8yVuRhgJ2lOXjYbBp5suYPauo7892yNWB3H/ULoyeq,kz1caz
155,$2a$10$3.ptkuGE1PZGjAfCP.Rcjurcj97QbRkXhlk1Mn86REB1i1TurHJmm,12k1ce
156,$2a$10$JR4VFAySvNoRpAVropnU2.gPiCMi5G3ArBWWccMMVBp5F7xxyLZya,1zal21
157,$2a$10$Eub6ZtVFOmP/lFTIzNBUse3hVnFS3ZDDHk6aDJsoeWekQ5WdRpYUi,ccalzc
158,$2a$10$Y8oVF3XMk0kAWfMTpZp9S.uEi84MqIXqlgeZlR2FM1VCOKEy/0XAy,z1ez1a
159,$2a$10$8zy5U7li1UznTrnANJG4q.r7dHHZsHN37pIrYUJ.4d1udKiV/ymZ2,2el11l
160,$2a$10$iwMSKpoRvXY1cZvGpJtVB.ZyamfMdsz0lShQTiZn2NLLT35pf7pH6,zeke1z
